"Lookup","Spec","Class","Name","ItemID","BaseLine","Value","Diff","Gain"
"AFFLICTION WARLOCK - ASHES OF THE EMBERSOUL","AFFLICTION","WARLOCK","ASHES OF THE EMBERSOUL","207167","188844","206812","17968","0.0951"
"AFFLICTION WARLOCK - AUGURY OF THE PRIMAL FLAME","AFFLICTION","WARLOCK","AUGURY OF THE PRIMAL FLAME","208614","188844","205609","16765","0.0888"
"AFFLICTION WARLOCK - BELOR'RELOS, THE SUNCALLER","AFFLICTION","WARLOCK","BELOR'RELOS, THE SUNCALLER","207172","188844","210054","21210","0.1123"
"AFFLICTION WARLOCK - FYRAKK'S TAINTED RAGEHEART","AFFLICTION","WARLOCK","FYRAKK'S TAINTED RAGEHEART","207174","188844","203806","14962","0.0792"
"AFFLICTION WARLOCK - NYMUE'S UNRAVELING SPINDLE","AFFLICTION","WARLOCK","NYMUE'S UNRAVELING SPINDLE","208615","188844","211821","22977","0.1217"
"AFFLICTION WARLOCK - PIP'S EMERALD FRIENDSHIP BADGE","AFFLICTION","WARLOCK","PIP'S EMERALD FRIENDSHIP BADGE","207168","188844","206287","17443","0.0924"
"ARCANE MAGE - ASHES OF THE EMBERSOUL","ARCANE","MAGE","ASHES OF THE EMBERSOUL","207167","195619","213928","18309","0.0936"
"ARCANE MAGE - AUGURY OF THE PRIMAL FLAME","ARCANE","MAGE","AUGURY OF THE PRIMAL FLAME","208614","195619","211212","15593","0.0797"
"ARCANE MAGE - BELOR'RELOS, THE SUNCALLER","ARCANE","MAGE","BELOR'RELOS, THE SUNCALLER","207172","195619","216280","20661","0.1056"
"ARCANE MAGE - FYRAKK'S TAINTED RAGEHEART","ARCANE","MAGE","FYRAKK'S TAINTED RAGEHEART","207174","195619","207780","12161","0.0622"
"ARCANE MAGE - NYMUE'S UNRAVELING SPINDLE","ARCANE","MAGE","NYMUE'S UNRAVELING SPINDLE","208615","195619","211935","16316","0.0834"
"ARCANE MAGE - PIP'S EMERALD FRIENDSHIP BADGE","ARCANE","MAGE","PIP'S EMERALD FRIENDSHIP BADGE","207168","195619","212750","17131","0.0876"
"ARMS WARRIOR - ASHES OF THE EMBERSOUL","ARMS","WARRIOR","ASHES OF THE EMBERSOUL","207167","204709","218381","13672","0.0668"
"ARMS WARRIOR - AUGURY OF THE PRIMAL FLAME","ARMS","WARRIOR","AUGURY OF THE PRIMAL FLAME","208614","204709","220573","15864","0.0775"
"ARMS WARRIOR - BRANCH OF THE TORMENTED ANCIENT","ARMS","WARRIOR","BRANCH OF THE TORMENTED ANCIENT","207169","204709","221704","16995","0.083"
"ARMS WARRIOR - CATACLYSMIC SIGNET BRAND","ARMS","WARRIOR","CATACLYSMIC SIGNET BRAND","207166","204709","223864","19155","0.0936"
"ARMS WARRIOR - COILED SERPENT IDOL","ARMS","WARRIOR","COILED SERPENT IDOL","207175","204709","220665","15956","0.0779"
"ARMS WARRIOR - FYRAKK'S TAINTED RAGEHEART","ARMS","WARRIOR","FYRAKK'S TAINTED RAGEHEART","207174","204709","218581","13872","0.0678"
"ARMS WARRIOR - GIFT OF URSINE VENGEANCE","ARMS","WARRIOR","GIFT OF URSINE VENGEANCE","207173","204709","215202","10493","0.0513"
"ARMS WARRIOR - PIP'S EMERALD FRIENDSHIP BADGE","ARMS","WARRIOR","PIP'S EMERALD FRIENDSHIP BADGE","207168","204709","221962","17253","0.0843"
"ASSASSINATION ROGUE - ASHES OF THE EMBERSOUL","ASSASSINATION","ROGUE","ASHES OF THE EMBERSOUL","207167","201389","227600","26211","0.1302"
"ASSASSINATION ROGUE - AUGURY OF THE PRIMAL FLAME","ASSASSINATION","ROGUE","AUGURY OF THE PRIMAL FLAME","208614","201389","217447","16058","0.0797"
"ASSASSINATION ROGUE - BANDOLIER OF TWISTED BLADES","ASSASSINATION","ROGUE","BANDOLIER OF TWISTED BLADES","207165","201389","219982","18593","0.0923"
"ASSASSINATION ROGUE - CATACLYSMIC SIGNET BRAND","ASSASSINATION","ROGUE","CATACLYSMIC SIGNET BRAND","207166","201389","221049","19660","0.0976"
"ASSASSINATION ROGUE - COILED SERPENT IDOL","ASSASSINATION","ROGUE","COILED SERPENT IDOL","207175","201389","218942","17553","0.0872"
"ASSASSINATION ROGUE - FYRAKK'S TAINTED RAGEHEART","ASSASSINATION","ROGUE","FYRAKK'S TAINTED RAGEHEART","207174","201389","215672","14283","0.0709"
"ASSASSINATION ROGUE - GIFT OF URSINE VENGEANCE","ASSASSINATION","ROGUE","GIFT OF URSINE VENGEANCE","207173","201389","212919","11530","0.0573"
"ASSASSINATION ROGUE - PIP'S EMERALD FRIENDSHIP BADGE","ASSASSINATION","ROGUE","PIP'S EMERALD FRIENDSHIP BADGE","207168","201389","220366","18977","0.0942"
"BALANCE DRUID - ASHES OF THE EMBERSOUL","BALANCE","DRUID","ASHES OF THE EMBERSOUL","207167","217167","234169","17002","0.0783"
"BALANCE DRUID - AUGURY OF THE PRIMAL FLAME","BALANCE","DRUID","AUGURY OF THE PRIMAL FLAME","208614","217167","234480","17313","0.0797"
"BALANCE DRUID - BELOR'RELOS, THE SUNCALLER","BALANCE","DRUID","BELOR'RELOS, THE SUNCALLER","207172","217167","236069","18902","0.087"
"BALANCE DRUID - FYRAKK'S TAINTED RAGEHEART","BALANCE","DRUID","FYRAKK'S TAINTED RAGEHEART","207174","217167","231092","13925","0.0641"
"BALANCE DRUID - NYMUE'S UNRAVELING SPINDLE","BALANCE","DRUID","NYMUE'S UNRAVELING SPINDLE","208615","217167","233771","16604","0.0765"
"BALANCE DRUID - PIP'S EMERALD FRIENDSHIP BADGE","BALANCE","DRUID","PIP'S EMERALD FRIENDSHIP BADGE","207168","217167","237367","20200","0.093"
"BEAST MASTERY HUNTER - ASHES OF THE EMBERSOUL","BEAST MASTERY","HUNTER","ASHES OF THE EMBERSOUL","207167","212537","233342","20805","0.0979"
"BEAST MASTERY HUNTER - AUGURY OF THE PRIMAL FLAME","BEAST MASTERY","HUNTER","AUGURY OF THE PRIMAL FLAME","208614","212537","227744","15207","0.0715"
"BEAST MASTERY HUNTER - BANDOLIER OF TWISTED BLADES","BEAST MASTERY","HUNTER","BANDOLIER OF TWISTED BLADES","207165","212537","232284","19747","0.0929"
"BEAST MASTERY HUNTER - CATACLYSMIC SIGNET BRAND","BEAST MASTERY","HUNTER","CATACLYSMIC SIGNET BRAND","207166","212537","226197","13660","0.0643"
"BEAST MASTERY HUNTER - COILED SERPENT IDOL","BEAST MASTERY","HUNTER","COILED SERPENT IDOL","207175","212537","230369","17832","0.0839"
"BEAST MASTERY HUNTER - FYRAKK'S TAINTED RAGEHEART","BEAST MASTERY","HUNTER","FYRAKK'S TAINTED RAGEHEART","207174","212537","227203","14666","0.069"
"BEAST MASTERY HUNTER - GIFT OF URSINE VENGEANCE","BEAST MASTERY","HUNTER","GIFT OF URSINE VENGEANCE","207173","212537","226175","13638","0.0642"
"BEAST MASTERY HUNTER - PIP'S EMERALD FRIENDSHIP BADGE","BEAST MASTERY","HUNTER","PIP'S EMERALD FRIENDSHIP BADGE","207168","212537","233813","21276","0.1001"
"BLOOD DEATH KNIGHT - ASHES OF THE EMBERSOUL","BLOOD","DEATH KNIGHT","ASHES OF THE EMBERSOUL","207167","114563","122617","8054","0.0703"
"BLOOD DEATH KNIGHT - AUGURY OF THE PRIMAL FLAME","BLOOD","DEATH KNIGHT","AUGURY OF THE PRIMAL FLAME","208614","114563","129499","14936","0.1304"
"BLOOD DEATH KNIGHT - BRANCH OF THE TORMENTED ANCIENT","BLOOD","DEATH KNIGHT","BRANCH OF THE TORMENTED ANCIENT","207169","114563","127653","13090","0.1143"
"BLOOD DEATH KNIGHT - CATACLYSMIC SIGNET BRAND","BLOOD","DEATH KNIGHT","CATACLYSMIC SIGNET BRAND","207166","114563","131488","16925","0.1477"
"BLOOD DEATH KNIGHT - COILED SERPENT IDOL","BLOOD","DEATH KNIGHT","COILED SERPENT IDOL","207175","114563","125860","11297","0.0986"
"BLOOD DEATH KNIGHT - FYRAKK'S TAINTED RAGEHEART","BLOOD","DEATH KNIGHT","FYRAKK'S TAINTED RAGEHEART","207174","114563","126067","11504","0.1004"
"BLOOD DEATH KNIGHT - GIFT OF URSINE VENGEANCE","BLOOD","DEATH KNIGHT","GIFT OF URSINE VENGEANCE","207173","114563","126569","12006","0.1048"
"BLOOD DEATH KNIGHT - PIP'S EMERALD FRIENDSHIP BADGE","BLOOD","DEATH KNIGHT","PIP'S EMERALD FRIENDSHIP BADGE","207168","114563","124540","9977","0.0871"
"BREWMASTER MONK - ASHES OF THE EMBERSOUL","BREWMASTER","MONK","ASHES OF THE EMBERSOUL","207167","117042","125383","8341","0.0713"
"BREWMASTER MONK - AUGURY OF THE PRIMAL FLAME","BREWMASTER","MONK","AUGURY OF THE PRIMAL FLAME","208614","117042","129836","12794","0.1093"
"BREWMASTER MONK - BANDOLIER OF TWISTED BLADES","BREWMASTER","MONK","BANDOLIER OF TWISTED BLADES","207165","117042","130632","13590","0.1161"
"BREWMASTER MONK - CATACLYSMIC SIGNET BRAND","BREWMASTER","MONK","CATACLYSMIC SIGNET BRAND","207166","117042","131209","14167","0.121"
"BREWMASTER MONK - COILED SERPENT IDOL","BREWMASTER","MONK","COILED SERPENT IDOL","207175","117042","128124","11082","0.0947"
"BREWMASTER MONK - FYRAKK'S TAINTED RAGEHEART","BREWMASTER","MONK","FYRAKK'S TAINTED RAGEHEART","207174","117042","129900","12858","0.1099"
"BREWMASTER MONK - GIFT OF URSINE VENGEANCE","BREWMASTER","MONK","GIFT OF URSINE VENGEANCE","207173","117042","129012","11970","0.1023"
"BREWMASTER MONK - PIP'S EMERALD FRIENDSHIP BADGE","BREWMASTER","MONK","PIP'S EMERALD FRIENDSHIP BADGE","207168","117042","126073","9031","0.0772"
"DEMONOLOGY WARLOCK - ASHES OF THE EMBERSOUL","DEMONOLOGY","WARLOCK","ASHES OF THE EMBERSOUL","207167","209502","224228","14726","0.0703"
"DEMONOLOGY WARLOCK - AUGURY OF THE PRIMAL FLAME","DEMONOLOGY","WARLOCK","AUGURY OF THE PRIMAL FLAME","208614","209502","224884","15382","0.0734"
"DEMONOLOGY WARLOCK - BELOR'RELOS, THE SUNCALLER","DEMONOLOGY","WARLOCK","BELOR'RELOS, THE SUNCALLER","207172","209502","232060","22558","0.1077"
"DEMONOLOGY WARLOCK - FYRAKK'S TAINTED RAGEHEART","DEMONOLOGY","WARLOCK","FYRAKK'S TAINTED RAGEHEART","207174","209502","224475","14973","0.0715"
"DEMONOLOGY WARLOCK - NYMUE'S UNRAVELING SPINDLE","DEMONOLOGY","WARLOCK","NYMUE'S UNRAVELING SPINDLE","208615","209502","230276","20774","0.0992"
"DEMONOLOGY WARLOCK - PIP'S EMERALD FRIENDSHIP BADGE","DEMONOLOGY","WARLOCK","PIP'S EMERALD FRIENDSHIP BADGE","207168","209502","227762","18260","0.0872"
"DESTRUCTION WARLOCK - ASHES OF THE EMBERSOUL","DESTRUCTION","WARLOCK","ASHES OF THE EMBERSOUL","207167","192698","208381","15683","0.0814"
"DESTRUCTION WARLOCK - AUGURY OF THE PRIMAL FLAME","DESTRUCTION","WARLOCK","AUGURY OF THE PRIMAL FLAME","208614","192698","210175","17477","0.0907"
"DESTRUCTION WARLOCK - BELOR'RELOS, THE SUNCALLER","DESTRUCTION","WARLOCK","BELOR'RELOS, THE SUNCALLER","207172","192698","213873","21175","0.1099"
"DESTRUCTION WARLOCK - FYRAKK'S TAINTED RAGEHEART","DESTRUCTION","WARLOCK","FYRAKK'S TAINTED RAGEHEART","207174","192698","207618","14920","0.0774"
"DESTRUCTION WARLOCK - NYMUE'S UNRAVELING SPINDLE","DESTRUCTION","WARLOCK","NYMUE'S UNRAVELING SPINDLE","208615","192698","213768","21070","0.1093"
"DESTRUCTION WARLOCK - PIP'S EMERALD FRIENDSHIP BADGE","DESTRUCTION","WARLOCK","PIP'S EMERALD FRIENDSHIP BADGE","207168","192698","209335","16637","0.0863"
"DEVASTATION EVOKER - ASHES OF THE EMBERSOUL","DEVASTATION","EVOKER","ASHES OF THE EMBERSOUL","207167","199151","217859","18708","0.0939"
"DEVASTATION EVOKER - AUGURY OF THE PRIMAL FLAME","DEVASTATION","EVOKER","AUGURY OF THE PRIMAL FLAME","208614","199151","214409","15258","0.0766"
"DEVASTATION EVOKER - BELOR'RELOS, THE SUNCALLER","DEVASTATION","EVOKER","BELOR'RELOS, THE SUNCALLER","207172","199151","221086","21935","0.1101"
"DEVASTATION EVOKER - FYRAKK'S TAINTED RAGEHEART","DEVASTATION","EVOKER","FYRAKK'S TAINTED RAGEHEART","207174","199151","213825","14674","0.0737"
"DEVASTATION EVOKER - NYMUE'S UNRAVELING SPINDLE","DEVASTATION","EVOKER","NYMUE'S UNRAVELING SPINDLE","208615","199151","220454","21303","0.107"
"DEVASTATION EVOKER - PIP'S EMERALD FRIENDSHIP BADGE","DEVASTATION","EVOKER","PIP'S EMERALD FRIENDSHIP BADGE","207168","199151","216739","17588","0.0883"
"ELEMENTAL SHAMAN - ASHES OF THE EMBERSOUL","ELEMENTAL","SHAMAN","ASHES OF THE EMBERSOUL","207167","220538","235747","15209","0.069"
"ELEMENTAL SHAMAN - AUGURY OF THE PRIMAL FLAME","ELEMENTAL","SHAMAN","AUGURY OF THE PRIMAL FLAME","208614","220538","235501","14963","0.0678"
"ELEMENTAL SHAMAN - BELOR'RELOS, THE SUNCALLER","ELEMENTAL","SHAMAN","BELOR'RELOS, THE SUNCALLER","207172","220538","240295","19757","0.0896"
"ELEMENTAL SHAMAN - FYRAKK'S TAINTED RAGEHEART","ELEMENTAL","SHAMAN","FYRAKK'S TAINTED RAGEHEART","207174","220538","234623","14085","0.0639"
"ELEMENTAL SHAMAN - NYMUE'S UNRAVELING SPINDLE","ELEMENTAL","SHAMAN","NYMUE'S UNRAVELING SPINDLE","208615","220538","235050","14512","0.0658"
"ELEMENTAL SHAMAN - PIP'S EMERALD FRIENDSHIP BADGE","ELEMENTAL","SHAMAN","PIP'S EMERALD FRIENDSHIP BADGE","207168","220538","239148","18610","0.0844"
"ENHANCEMENT SHAMAN - ASHES OF THE EMBERSOUL","ENHANCEMENT","SHAMAN","ASHES OF THE EMBERSOUL","207167","215162","229999","14837","0.069"
"ENHANCEMENT SHAMAN - AUGURY OF THE PRIMAL FLAME","ENHANCEMENT","SHAMAN","AUGURY OF THE PRIMAL FLAME","208614","215162","232616","17454","0.0811"
"ENHANCEMENT SHAMAN - BANDOLIER OF TWISTED BLADES","ENHANCEMENT","SHAMAN","BANDOLIER OF TWISTED BLADES","207165","215162","233502","18340","0.0852"
"ENHANCEMENT SHAMAN - CATACLYSMIC SIGNET BRAND","ENHANCEMENT","SHAMAN","CATACLYSMIC SIGNET BRAND","207166","215162","237054","21892","0.1017"
"ENHANCEMENT SHAMAN - COILED SERPENT IDOL","ENHANCEMENT","SHAMAN","COILED SERPENT IDOL","207175","215162","232926","17764","0.0826"
"ENHANCEMENT SHAMAN - FYRAKK'S TAINTED RAGEHEART","ENHANCEMENT","SHAMAN","FYRAKK'S TAINTED RAGEHEART","207174","215162","229257","14095","0.0655"
"ENHANCEMENT SHAMAN - GIFT OF URSINE VENGEANCE","ENHANCEMENT","SHAMAN","GIFT OF URSINE VENGEANCE","207173","215162","227116","11954","0.0556"
"ENHANCEMENT SHAMAN - PIP'S EMERALD FRIENDSHIP BADGE","ENHANCEMENT","SHAMAN","PIP'S EMERALD FRIENDSHIP BADGE","207168","215162","234696","19534","0.0908"
"FERAL DRUID - ASHES OF THE EMBERSOUL","FERAL","DRUID","ASHES OF THE EMBERSOUL","207167","208246","229821","21575","0.1036"
"FERAL DRUID - AUGURY OF THE PRIMAL FLAME","FERAL","DRUID","AUGURY OF THE PRIMAL FLAME","208614","208246","223794","15548","0.0747"
"FERAL DRUID - BANDOLIER OF TWISTED BLADES","FERAL","DRUID","BANDOLIER OF TWISTED BLADES","207165","208246","219194","10948","0.0526"
"FERAL DRUID - CATACLYSMIC SIGNET BRAND","FERAL","DRUID","CATACLYSMIC SIGNET BRAND","207166","208246","227339","19093","0.0917"
"FERAL DRUID - COILED SERPENT IDOL","FERAL","DRUID","COILED SERPENT IDOL","207175","208246","225192","16946","0.0814"
"FERAL DRUID - FYRAKK'S TAINTED RAGEHEART","FERAL","DRUID","FYRAKK'S TAINTED RAGEHEART","207174","208246","223068","14822","0.0712"
"FERAL DRUID - GIFT OF URSINE VENGEANCE","FERAL","DRUID","GIFT OF URSINE VENGEANCE","207173","208246","219353","11107","0.0533"
"FERAL DRUID - PIP'S EMERALD FRIENDSHIP BADGE","FERAL","DRUID","PIP'S EMERALD FRIENDSHIP BADGE","207168","208246","226206","17960","0.0862"
"FIRE MAGE - ASHES OF THE EMBERSOUL","FIRE","MAGE","ASHES OF THE EMBERSOUL","207167","197790","214039","16249","0.0822"
"FIRE MAGE - AUGURY OF THE PRIMAL FLAME","FIRE","MAGE","AUGURY OF THE PRIMAL FLAME","208614","197790","217441","19651","0.0994"
"FIRE MAGE - BELOR'RELOS, THE SUNCALLER","FIRE","MAGE","BELOR'RELOS, THE SUNCALLER","207172","197790","220329","22539","0.114"
"FIRE MAGE - FYRAKK'S TAINTED RAGEHEART","FIRE","MAGE","FYRAKK'S TAINTED RAGEHEART","207174","197790","211781","13991","0.0707"
"FIRE MAGE - NYMUE'S UNRAVELING SPINDLE","FIRE","MAGE","NYMUE'S UNRAVELING SPINDLE","208615","197790","215560","17770","0.0898"
"FIRE MAGE - PIP'S EMERALD FRIENDSHIP BADGE","FIRE","MAGE","PIP'S EMERALD FRIENDSHIP BADGE","207168","197790","214480","16690","0.0844"
"FROST DEATH KNIGHT - ASHES OF THE EMBERSOUL","FROST","DEATH KNIGHT","ASHES OF THE EMBERSOUL","207167","203360","219174","15814","0.0778"
"FROST DEATH KNIGHT - AUGURY OF THE PRIMAL FLAME","FROST","DEATH KNIGHT","AUGURY OF THE PRIMAL FLAME","208614","203360","220299","16939","0.0833"
"FROST DEATH KNIGHT - BRANCH OF THE TORMENTED ANCIENT","FROST","DEATH KNIGHT","BRANCH OF THE TORMENTED ANCIENT","207169","203360","222982","19622","0.0965"
"FROST DEATH KNIGHT - CATACLYSMIC SIGNET BRAND","FROST","DEATH KNIGHT","CATACLYSMIC SIGNET BRAND","207166","203360","224681","21321","0.1048"
"FROST DEATH KNIGHT - COILED SERPENT IDOL","FROST","DEATH KNIGHT","COILED SERPENT IDOL","207175","203360","221847","18487","0.0909"
"FROST DEATH KNIGHT - FYRAKK'S TAINTED RAGEHEART","FROST","DEATH KNIGHT","FYRAKK'S TAINTED RAGEHEART","207174","203360","217882","14522","0.0714"
"FROST DEATH KNIGHT - GIFT OF URSINE VENGEANCE","FROST","DEATH KNIGHT","GIFT OF URSINE VENGEANCE","207173","203360","216314","12954","0.0637"
"FROST DEATH KNIGHT - PIP'S EMERALD FRIENDSHIP BADGE","FROST","DEATH KNIGHT","PIP'S EMERALD FRIENDSHIP BADGE","207168","203360","224612","21252","0.1045"
"FROST MAGE - ASHES OF THE EMBERSOUL","FROST","MAGE","ASHES OF THE EMBERSOUL","207167","205597","221208","15611","0.0759"
"FROST MAGE - AUGURY OF THE PRIMAL FLAME","FROST","MAGE","AUGURY OF THE PRIMAL FLAME","208614","205597","223867","18270","0.0889"
"FROST MAGE - BELOR'RELOS, THE SUNCALLER","FROST","MAGE","BELOR'RELOS, THE SUNCALLER","207172","205597","226828","21231","0.1033"
"FROST MAGE - FYRAKK'S TAINTED RAGEHEART","FROST","MAGE","FYRAKK'S TAINTED RAGEHEART","207174","205597","219564","13967","0.0679"
"FROST MAGE - NYMUE'S UNRAVELING SPINDLE","FROST","MAGE","NYMUE'S UNRAVELING SPINDLE","208615","205597","219931","14334","0.0697"
"FROST MAGE - PIP'S EMERALD FRIENDSHIP BADGE","FROST","MAGE","PIP'S EMERALD FRIENDSHIP BADGE","207168","205597","223534","17937","0.0872"
"FURY WARRIOR - ASHES OF THE EMBERSOUL","FURY","WARRIOR","ASHES OF THE EMBERSOUL","207167","206094","220105","14011","0.068"
"FURY WARRIOR - AUGURY OF THE PRIMAL FLAME","FURY","WARRIOR","AUGURY OF THE PRIMAL FLAME","208614","206094","223725","17631","0.0855"
"FURY WARRIOR - BRANCH OF THE TORMENTED ANCIENT","FURY","WARRIOR","BRANCH OF THE TORMENTED ANCIENT","207169","206094","222625","16531","0.0802"
"FURY WARRIOR - CATACLYSMIC SIGNET BRAND","FURY","WARRIOR","CATACLYSMIC SIGNET BRAND","207166","206094","226477","20383","0.0989"
"FURY WARRIOR - COILED SERPENT IDOL","FURY","WARRIOR","COILED SERPENT IDOL","207175","206094","222057","15963","0.0775"
"FURY WARRIOR - FYRAKK'S TAINTED RAGEHEART","FURY","WARRIOR","FYRAKK'S TAINTED RAGEHEART","207174","206094","219419","13325","0.0647"
"FURY WARRIOR - GIFT OF URSINE VENGEANCE","FURY","WARRIOR","GIFT OF URSINE VENGEANCE","207173","206094","215842","9748","0.0473"
"FURY WARRIOR - PIP'S EMERALD FRIENDSHIP BADGE","FURY","WARRIOR","PIP'S EMERALD FRIENDSHIP BADGE","207168","206094","221986","15892","0.0771"
"GUARDIAN DRUID - ASHES OF THE EMBERSOUL","GUARDIAN","DRUID","ASHES OF THE EMBERSOUL","207167","133588","141582","7994","0.0598"
"GUARDIAN DRUID - AUGURY OF THE PRIMAL FLAME","GUARDIAN","DRUID","AUGURY OF THE PRIMAL FLAME","208614","133588","148013","14425","0.108"
"GUARDIAN DRUID - BANDOLIER OF TWISTED BLADES","GUARDIAN","DRUID","BANDOLIER OF TWISTED BLADES","207165","133588","146472","12884","0.0964"
"GUARDIAN DRUID - CATACLYSMIC SIGNET BRAND","GUARDIAN","DRUID","CATACLYSMIC SIGNET BRAND","207166","133588","149122","15534","0.1163"
"GUARDIAN DRUID - COILED SERPENT IDOL","GUARDIAN","DRUID","COILED SERPENT IDOL","207175","133588","145454","11866","0.0888"
"GUARDIAN DRUID - FYRAKK'S TAINTED RAGEHEART","GUARDIAN","DRUID","FYRAKK'S TAINTED RAGEHEART","207174","133588","146483","12895","0.0965"
"GUARDIAN DRUID - GIFT OF URSINE VENGEANCE","GUARDIAN","DRUID","GIFT OF URSINE VENGEANCE","207173","133588","144791","11203","0.0839"
"GUARDIAN DRUID - PIP'S EMERALD FRIENDSHIP BADGE","GUARDIAN","DRUID","PIP'S EMERALD FRIENDSHIP BADGE","207168","133588","143183","9595","0.0718"
"HAVOC DEMON HUNTER - ASHES OF THE EMBERSOUL","HAVOC","DEMON HUNTER","ASHES OF THE EMBERSOUL","207167","209514","228626","19112","0.0912"
"HAVOC DEMON HUNTER - AUGURY OF THE PRIMAL FLAME","HAVOC","DEMON HUNTER","AUGURY OF THE PRIMAL FLAME","208614","209514","229357","19843","0.0947"
"HAVOC DEMON HUNTER - BANDOLIER OF TWISTED BLADES","HAVOC","DEMON HUNTER","BANDOLIER OF TWISTED BLADES","207165","209514","229002","19488","0.093"
"HAVOC DEMON HUNTER - CATACLYSMIC SIGNET BRAND","HAVOC","DEMON HUNTER","CATACLYSMIC SIGNET BRAND","207166","209514","231342","21828","0.1042"
"HAVOC DEMON HUNTER - COILED SERPENT IDOL","HAVOC","DEMON HUNTER","COILED SERPENT IDOL","207175","209514","228263","18749","0.0895"
"HAVOC DEMON HUNTER - FYRAKK'S TAINTED RAGEHEART","HAVOC","DEMON HUNTER","FYRAKK'S TAINTED RAGEHEART","207174","209514","225994","16480","0.0787"
"HAVOC DEMON HUNTER - GIFT OF URSINE VENGEANCE","HAVOC","DEMON HUNTER","GIFT OF URSINE VENGEANCE","207173","209514","220693","11179","0.0534"
"HAVOC DEMON HUNTER - PIP'S EMERALD FRIENDSHIP BADGE","HAVOC","DEMON HUNTER","PIP'S EMERALD FRIENDSHIP BADGE","207168","209514","228361","18847","0.09"
"MARKSMANSHIP HUNTER - ASHES OF THE EMBERSOUL","MARKSMANSHIP","HUNTER","ASHES OF THE EMBERSOUL","207167","198716","216138","17422","0.0877"
"MARKSMANSHIP HUNTER - AUGURY OF THE PRIMAL FLAME","MARKSMANSHIP","HUNTER","AUGURY OF THE PRIMAL FLAME","208614","198716","215524","16808","0.0846"
"MARKSMANSHIP HUNTER - BANDOLIER OF TWISTED BLADES","MARKSMANSHIP","HUNTER","BANDOLIER OF TWISTED BLADES","207165","198716","216159","17443","0.0878"
"MARKSMANSHIP HUNTER - CATACLYSMIC SIGNET BRAND","MARKSMANSHIP","HUNTER","CATACLYSMIC SIGNET BRAND","207166","198716","209035","10319","0.0519"
"MARKSMANSHIP HUNTER - COILED SERPENT IDOL","MARKSMANSHIP","HUNTER","COILED SERPENT IDOL","207175","198716","215071","16355","0.0823"
"MARKSMANSHIP HUNTER - FYRAKK'S TAINTED RAGEHEART","MARKSMANSHIP","HUNTER","FYRAKK'S TAINTED RAGEHEART","207174","198716","213248","14532","0.0731"
"MARKSMANSHIP HUNTER - GIFT OF URSINE VENGEANCE","MARKSMANSHIP","HUNTER","GIFT OF URSINE VENGEANCE","207173","198716","209309","10593","0.0533"
"MARKSMANSHIP HUNTER - PIP'S EMERALD FRIENDSHIP BADGE","MARKSMANSHIP","HUNTER","PIP'S EMERALD FRIENDSHIP BADGE","207168","198716","216098","17382","0.0875"
"OUTLAW ROGUE - ASHES OF THE EMBERSOUL","OUTLAW","ROGUE","ASHES OF THE EMBERSOUL","207167","217327","230668","13341","0.0614"
"OUTLAW ROGUE - AUGURY OF THE PRIMAL FLAME","OUTLAW","ROGUE","AUGURY OF THE PRIMAL FLAME","208614","217327","236209","18882","0.0869"
"OUTLAW ROGUE - BANDOLIER OF TWISTED BLADES","OUTLAW","ROGUE","BANDOLIER OF TWISTED BLADES","207165","217327","238436","21109","0.0971"
"OUTLAW ROGUE - CATACLYSMIC SIGNET BRAND","OUTLAW","ROGUE","CATACLYSMIC SIGNET BRAND","207166","217327","240316","22989","0.1058"
"OUTLAW ROGUE - COILED SERPENT IDOL","OUTLAW","ROGUE","COILED SERPENT IDOL","207175","217327","237610","20283","0.0933"
"OUTLAW ROGUE - FYRAKK'S TAINTED RAGEHEART","OUTLAW","ROGUE","FYRAKK'S TAINTED RAGEHEART","207174","217327","233220","15893","0.0731"
"OUTLAW ROGUE - GIFT OF URSINE VENGEANCE","OUTLAW","ROGUE","GIFT OF URSINE VENGEANCE","207173","217327","229191","11864","0.0546"
"OUTLAW ROGUE - PIP'S EMERALD FRIENDSHIP BADGE","OUTLAW","ROGUE","PIP'S EMERALD FRIENDSHIP BADGE","207168","217327","233571","16244","0.0747"
"PROTECTION WARRIOR - ASHES OF THE EMBERSOUL","PROTECTION","WARRIOR","ASHES OF THE EMBERSOUL","207167","130772","139569","8797","0.0673"
"PROTECTION WARRIOR - AUGURY OF THE PRIMAL FLAME","PROTECTION","WARRIOR","AUGURY OF THE PRIMAL FLAME","208614","130772","146311","15539","0.1188"
"PROTECTION WARRIOR - BRANCH OF THE TORMENTED ANCIENT","PROTECTION","WARRIOR","BRANCH OF THE TORMENTED ANCIENT","207169","130772","144639","13867","0.106"
"PROTECTION WARRIOR - CATACLYSMIC SIGNET BRAND","PROTECTION","WARRIOR","CATACLYSMIC SIGNET BRAND","207166","130772","148145","17373","0.1328"
"PROTECTION WARRIOR - COILED SERPENT IDOL","PROTECTION","WARRIOR","COILED SERPENT IDOL","207175","130772","143817","13045","0.0998"
"PROTECTION WARRIOR - FYRAKK'S TAINTED RAGEHEART","PROTECTION","WARRIOR","FYRAKK'S TAINTED RAGEHEART","207174","130772","142404","11632","0.0889"
"PROTECTION WARRIOR - GIFT OF URSINE VENGEANCE","PROTECTION","WARRIOR","GIFT OF URSINE VENGEANCE","207173","130772","143176","12404","0.0949"
"PROTECTION WARRIOR - PIP'S EMERALD FRIENDSHIP BADGE","PROTECTION","WARRIOR","PIP'S EMERALD FRIENDSHIP BADGE","207168","130772","141932","11160","0.0853"
"PROTECTION PALADIN - ASHES OF THE EMBERSOUL","PROTECTION","PALADIN","ASHES OF THE EMBERSOUL","207167","135934","146255","10321","0.0759"
"PROTECTION PALADIN - AUGURY OF THE PRIMAL FLAME","PROTECTION","PALADIN","AUGURY OF THE PRIMAL FLAME","208614","135934","151877","15943","0.1173"
"PROTECTION PALADIN - BRANCH OF THE TORMENTED ANCIENT","PROTECTION","PALADIN","BRANCH OF THE TORMENTED ANCIENT","207169","135934","151296","15362","0.113"
"PROTECTION PALADIN - CATACLYSMIC SIGNET BRAND","PROTECTION","PALADIN","CATACLYSMIC SIGNET BRAND","207166","135934","154087","18153","0.1335"
"PROTECTION PALADIN - COILED SERPENT IDOL","PROTECTION","PALADIN","COILED SERPENT IDOL","207175","135934","149842","13908","0.1023"
"PROTECTION PALADIN - FYRAKK'S TAINTED RAGEHEART","PROTECTION","PALADIN","FYRAKK'S TAINTED RAGEHEART","207174","135934","148556","12622","0.0929"
"PROTECTION PALADIN - GIFT OF URSINE VENGEANCE","PROTECTION","PALADIN","GIFT OF URSINE VENGEANCE","207173","135934","149315","13381","0.0984"
"PROTECTION PALADIN - PIP'S EMERALD FRIENDSHIP BADGE","PROTECTION","PALADIN","PIP'S EMERALD FRIENDSHIP BADGE","207168","135934","147763","11829","0.087"
"RETRIBUTION PALADIN - ASHES OF THE EMBERSOUL","RETRIBUTION","PALADIN","ASHES OF THE EMBERSOUL","207167","197624","214689","17065","0.0864"
"RETRIBUTION PALADIN - AUGURY OF THE PRIMAL FLAME","RETRIBUTION","PALADIN","AUGURY OF THE PRIMAL FLAME","208614","197624","214552","16928","0.0857"
"RETRIBUTION PALADIN - BRANCH OF THE TORMENTED ANCIENT","RETRIBUTION","PALADIN","BRANCH OF THE TORMENTED ANCIENT","207169","197624","215256","17632","0.0892"
"RETRIBUTION PALADIN - CATACLYSMIC SIGNET BRAND","RETRIBUTION","PALADIN","CATACLYSMIC SIGNET BRAND","207166","197624","217221","19597","0.0992"
"RETRIBUTION PALADIN - COILED SERPENT IDOL","RETRIBUTION","PALADIN","COILED SERPENT IDOL","207175","197624","213836","16212","0.082"
"RETRIBUTION PALADIN - FYRAKK'S TAINTED RAGEHEART","RETRIBUTION","PALADIN","FYRAKK'S TAINTED RAGEHEART","207174","197624","208640","11016","0.0557"
"RETRIBUTION PALADIN - GIFT OF URSINE VENGEANCE","RETRIBUTION","PALADIN","GIFT OF URSINE VENGEANCE","207173","197624","207459","9835","0.0498"
"RETRIBUTION PALADIN - PIP'S EMERALD FRIENDSHIP BADGE","RETRIBUTION","PALADIN","PIP'S EMERALD FRIENDSHIP BADGE","207168","197624","213332","15708","0.0795"
"SHADOW PRIEST - ASHES OF THE EMBERSOUL","SHADOW","PRIEST","ASHES OF THE EMBERSOUL","207167","194757","212248","17491","0.0898"
"SHADOW PRIEST - AUGURY OF THE PRIMAL FLAME","SHADOW","PRIEST","AUGURY OF THE PRIMAL FLAME","208614","194757","209704","14947","0.0767"
"SHADOW PRIEST - BELOR'RELOS, THE SUNCALLER","SHADOW","PRIEST","BELOR'RELOS, THE SUNCALLER","207172","194757","213680","18923","0.0972"
"SHADOW PRIEST - FYRAKK'S TAINTED RAGEHEART","SHADOW","PRIEST","FYRAKK'S TAINTED RAGEHEART","207174","194757","206989","12232","0.0628"
"SHADOW PRIEST - NYMUE'S UNRAVELING SPINDLE","SHADOW","PRIEST","NYMUE'S UNRAVELING SPINDLE","208615","194757","212387","17630","0.0905"
"SHADOW PRIEST - PIP'S EMERALD FRIENDSHIP BADGE","SHADOW","PRIEST","PIP'S EMERALD FRIENDSHIP BADGE","207168","194757","212870","18113","0.093"
"SUBTLETY ROGUE - ASHES OF THE EMBERSOUL","SUBTLETY","ROGUE","ASHES OF THE EMBERSOUL","207167","215909","235072","19163","0.0888"
"SUBTLETY ROGUE - AUGURY OF THE PRIMAL FLAME","SUBTLETY","ROGUE","AUGURY OF THE PRIMAL FLAME","208614","215909","230605","14696","0.0681"
"SUBTLETY ROGUE - BANDOLIER OF TWISTED BLADES","SUBTLETY","ROGUE","BANDOLIER OF TWISTED BLADES","207165","215909","235708","19799","0.0917"
"SUBTLETY ROGUE - CATACLYSMIC SIGNET BRAND","SUBTLETY","ROGUE","CATACLYSMIC SIGNET BRAND","207166","215909","234945","19036","0.0882"
"SUBTLETY ROGUE - COILED SERPENT IDOL","SUBTLETY","ROGUE","COILED SERPENT IDOL","207175","215909","233301","17392","0.0806"
"SUBTLETY ROGUE - FYRAKK'S TAINTED RAGEHEART","SUBTLETY","ROGUE","FYRAKK'S TAINTED RAGEHEART","207174","215909","230341","14432","0.0668"
"SUBTLETY ROGUE - GIFT OF URSINE VENGEANCE","SUBTLETY","ROGUE","GIFT OF URSINE VENGEANCE","207173","215909","227978","12069","0.0559"
"SUBTLETY ROGUE - PIP'S EMERALD FRIENDSHIP BADGE","SUBTLETY","ROGUE","PIP'S EMERALD FRIENDSHIP BADGE","207168","215909","234418","18509","0.0857"
"SURVIVAL HUNTER - ASHES OF THE EMBERSOUL","SURVIVAL","HUNTER","ASHES OF THE EMBERSOUL","207167","213030","227213","14183","0.0666"
"SURVIVAL HUNTER - AUGURY OF THE PRIMAL FLAME","SURVIVAL","HUNTER","AUGURY OF THE PRIMAL FLAME","208614","213030","231460","18430","0.0865"
"SURVIVAL HUNTER - BANDOLIER OF TWISTED BLADES","SURVIVAL","HUNTER","BANDOLIER OF TWISTED BLADES","207165","213030","232508","19478","0.0914"
"SURVIVAL HUNTER - CATACLYSMIC SIGNET BRAND","SURVIVAL","HUNTER","CATACLYSMIC SIGNET BRAND","207166","213030","235230","22200","0.1042"
"SURVIVAL HUNTER - COILED SERPENT IDOL","SURVIVAL","HUNTER","COILED SERPENT IDOL","207175","213030","231425","18395","0.0863"
"SURVIVAL HUNTER - FYRAKK'S TAINTED RAGEHEART","SURVIVAL","HUNTER","FYRAKK'S TAINTED RAGEHEART","207174","213030","229321","16291","0.0765"
"SURVIVAL HUNTER - GIFT OF URSINE VENGEANCE","SURVIVAL","HUNTER","GIFT OF URSINE VENGEANCE","207173","213030","224864","11834","0.0556"
"SURVIVAL HUNTER - PIP'S EMERALD FRIENDSHIP BADGE","SURVIVAL","HUNTER","PIP'S EMERALD FRIENDSHIP BADGE","207168","213030","230446","17416","0.0818"
"UNHOLY DEATH KNIGHT - ASHES OF THE EMBERSOUL","UNHOLY","DEATH KNIGHT","ASHES OF THE EMBERSOUL","207167","188331","210890","22559","0.1198"
"UNHOLY DEATH KNIGHT - AUGURY OF THE PRIMAL FLAME","UNHOLY","DEATH KNIGHT","AUGURY OF THE PRIMAL FLAME","208614","188331","202609","14278","0.0758"
"UNHOLY DEATH KNIGHT - BRANCH OF THE TORMENTED ANCIENT","UNHOLY","DEATH KNIGHT","BRANCH OF THE TORMENTED ANCIENT","207169","188331","205579","17248","0.0916"
"UNHOLY DEATH KNIGHT - CATACLYSMIC SIGNET BRAND","UNHOLY","DEATH KNIGHT","CATACLYSMIC SIGNET BRAND","207166","188331","207354","19023","0.101"
"UNHOLY DEATH KNIGHT - COILED SERPENT IDOL","UNHOLY","DEATH KNIGHT","COILED SERPENT IDOL","207175","188331","203044","14713","0.0781"
"UNHOLY DEATH KNIGHT - FYRAKK'S TAINTED RAGEHEART","UNHOLY","DEATH KNIGHT","FYRAKK'S TAINTED RAGEHEART","207174","188331","201289","12958","0.0688"
"UNHOLY DEATH KNIGHT - GIFT OF URSINE VENGEANCE","UNHOLY","DEATH KNIGHT","GIFT OF URSINE VENGEANCE","207173","188331","199249","10918","0.058"
"UNHOLY DEATH KNIGHT - PIP'S EMERALD FRIENDSHIP BADGE","UNHOLY","DEATH KNIGHT","PIP'S EMERALD FRIENDSHIP BADGE","207168","188331","206029","17698","0.094"
"VENGEANCE DEMON HUNTER - ASHES OF THE EMBERSOUL","VENGEANCE","DEMON HUNTER","ASHES OF THE EMBERSOUL","207167","135865","145011","9146","0.0673"
"VENGEANCE DEMON HUNTER - AUGURY OF THE PRIMAL FLAME","VENGEANCE","DEMON HUNTER","AUGURY OF THE PRIMAL FLAME","208614","135865","150423","14558","0.1072"
"VENGEANCE DEMON HUNTER - BANDOLIER OF TWISTED BLADES","VENGEANCE","DEMON HUNTER","BANDOLIER OF TWISTED BLADES","207165","135865","149912","14047","0.1034"
"VENGEANCE DEMON HUNTER - CATACLYSMIC SIGNET BRAND","VENGEANCE","DEMON HUNTER","CATACLYSMIC SIGNET BRAND","207166","135865","152478","16613","0.1223"
"VENGEANCE DEMON HUNTER - COILED SERPENT IDOL","VENGEANCE","DEMON HUNTER","COILED SERPENT IDOL","207175","135865","148777","12912","0.095"
"VENGEANCE DEMON HUNTER - FYRAKK'S TAINTED RAGEHEART","VENGEANCE","DEMON HUNTER","FYRAKK'S TAINTED RAGEHEART","207174","135865","148234","12369","0.091"
"VENGEANCE DEMON HUNTER - GIFT OF URSINE VENGEANCE","VENGEANCE","DEMON HUNTER","GIFT OF URSINE VENGEANCE","207173","135865","148918","13053","0.0961"
"VENGEANCE DEMON HUNTER - PIP'S EMERALD FRIENDSHIP BADGE","VENGEANCE","DEMON HUNTER","PIP'S EMERALD FRIENDSHIP BADGE","207168","135865","147672","11807","0.0869"
"WINDWALKER MONK - ASHES OF THE EMBERSOUL","WINDWALKER","MONK","ASHES OF THE EMBERSOUL","207167","186932","204521","17589","0.0941"
"WINDWALKER MONK - AUGURY OF THE PRIMAL FLAME","WINDWALKER","MONK","AUGURY OF THE PRIMAL FLAME","208614","186932","201927","14995","0.0802"
"WINDWALKER MONK - BANDOLIER OF TWISTED BLADES","WINDWALKER","MONK","BANDOLIER OF TWISTED BLADES","207165","186932","203855","16923","0.0905"
"WINDWALKER MONK - CATACLYSMIC SIGNET BRAND","WINDWALKER","MONK","CATACLYSMIC SIGNET BRAND","207166","186932","204855","17923","0.0959"
"WINDWALKER MONK - COILED SERPENT IDOL","WINDWALKER","MONK","COILED SERPENT IDOL","207175","186932","201965","15033","0.0804"
"WINDWALKER MONK - FYRAKK'S TAINTED RAGEHEART","WINDWALKER","MONK","FYRAKK'S TAINTED RAGEHEART","207174","186932","200721","13789","0.0738"
"WINDWALKER MONK - GIFT OF URSINE VENGEANCE","WINDWALKER","MONK","GIFT OF URSINE VENGEANCE","207173","186932","195783","8851","0.0473"
"WINDWALKER MONK - PIP'S EMERALD FRIENDSHIP BADGE","WINDWALKER","MONK","PIP'S EMERALD FRIENDSHIP BADGE","207168","186932","200702","13770","0.0737"
